No,Name,Famous For,Birth Date (DD/MM/YYYY),Birth Time (24h local),Time Zone,Birth Place,Country,Latitude,Longitude,Rodden Rating,Event 1 Date,Event 1,Event 2 Date,Event 2,Event 3 Date,Event 3,Event 4 Date,Event 4,Death Date
1,Albert Einstein,Physicist who created the theories of special and general relativity,14/03/1879,11:30,LMT 0h40m E,Ulm,Germany,48N24,9E59,AA,30/06/1905,Special relativity paper received by Annalen der Physik,25/11/1915,Presented general relativity field equations to the Prussian Academy,09/11/1922,Awarded the 1921 Nobel Prize in Physics,17/10/1933,Arrived in the USA to join Princeton Institute for Advanced Study,18/04/1955
2,Steve Jobs,Cofounder and CEO of Apple; launched the Mac and iPhone,24/02/1955,19:15,PST 8h W,San Francisco California,USA,37N47,122W25,AA,01/04/1976,Founded Apple with Steve Wozniak,24/01/1984,Launched the Apple Macintosh,20/12/1996,Apple announced purchase of NeXT bringing Jobs back,09/01/2007,Unveiled the first iPhone,05/10/2011
3,Barack Obama,44th President of the USA and first African American president,04/08/1961,19:24,AHST 10h W,Honolulu Hawaii,USA,21N18,157W51,AA,03/10/1992,Married Michelle Robinson,04/11/2008,Elected President of the USA,20/01/2009,Inaugurated as 44th President,09/10/2009,Nobel Peace Prize announced,Living
4,Donald Trump,Businessman and 45th and 47th President of the USA,14/06/1946,10:54,EDT 4h W,Jamaica Queens New York,USA,40N42,73W48,AA,08/01/2004,The Apprentice TV show premiered,08/11/2016,Elected 45th President of the USA,13/07/2024,Survived assassination attempt at Butler Pennsylvania,05/11/2024,Elected 47th President of the USA,Living
5,Queen Elizabeth II,Longest reigning British monarch (70 years),21/04/1926,02:40,BST 1h E,Mayfair London,UK,51N30,0W09,AA,20/11/1947,Married Prince Philip at Westminster Abbey,06/02/1952,Became Queen on death of King George VI,02/06/1953,Crowned at Westminster Abbey,09/09/2015,Became longest reigning British monarch,08/09/2022
6,King Charles III,King of the United Kingdom since 2022,14/11/1948,21:14,GMT 0h,Buckingham Palace London,UK,51N30,0W08,AA,01/07/1969,Invested as Prince of Wales at Caernarfon Castle,29/07/1981,Married Lady Diana Spencer,08/09/2022,Became King on death of Queen Elizabeth II,06/05/2023,Crowned at Westminster Abbey,Living
7,Diana Princess of Wales,Princess of Wales and global humanitarian icon,01/07/1961,19:45,BST 1h E,Sandringham Norfolk,UK,52N50,0E30,A,29/07/1981,Married Prince Charles at St Pauls Cathedral,21/06/1982,Son Prince William born,20/11/1995,BBC Panorama interview broadcast,28/08/1996,Divorce from Charles finalised,31/08/1997
8,Prince William,Prince of Wales and heir to the British throne,21/06/1982,21:03,BST 1h E,Paddington London,UK,51N31,0W10,AA,31/08/1997,Mother Diana died in Paris,29/04/2011,Married Catherine Middleton,22/07/2013,Son Prince George born,09/09/2022,Created Prince of Wales,Living
9,Prince Harry,Duke of Sussex and author of memoir Spare,15/09/1984,16:20,BST 1h E,Paddington London,UK,51N31,0W10,AA,19/05/2018,Married Meghan Markle at Windsor,06/05/2019,Son Archie born,08/01/2020,Announced stepping back from royal duties,10/01/2023,Memoir Spare published,Living
10,Queen Victoria,British monarch for 63 years and Empress of India,24/05/1819,04:15,LMT 0h01m W,Kensington Palace London,UK,51N30,0W11,AA,20/06/1837,Became Queen of the United Kingdom,10/02/1840,Married Prince Albert,14/12/1861,Prince Albert died,01/05/1876,Assumed title Empress of India,22/01/1901
11,John F Kennedy,35th President of the USA,29/05/1917,15:00,EST 5h W,Brookline Massachusetts,USA,42N20,71W07,A,12/09/1953,Married Jacqueline Bouvier,08/11/1960,Elected President of the USA,20/01/1961,Inaugurated as 35th President,16/10/1962,Cuban Missile Crisis began,22/11/1963
12,Richard Nixon,37th President of the USA; resigned after Watergate,09/01/1913,21:35,PST 8h W,Yorba Linda California,USA,33N53,117W49,AA,05/11/1968,Elected President of the USA,21/02/1972,Historic visit to China began,17/06/1972,Watergate break in occurred,09/08/1974,Resigned the presidency,22/04/1994
13,Ronald Reagan,Actor and 40th President of the USA,06/02/1911,04:16,CST 6h W,Tampico Illinois,USA,41N38,89W47,AA,08/11/1966,Elected Governor of California,04/11/1980,Elected President of the USA,30/03/1981,Survived assassination attempt in Washington,12/06/1987,Berlin Wall speech at Brandenburg Gate,05/06/2004
14,George W Bush,43rd President of the USA,06/07/1946,07:26,EDT 4h W,New Haven Connecticut,USA,41N18,72W56,AA,08/11/1994,Elected Governor of Texas,12/12/2000,Supreme Court decision Bush v Gore secured presidency,11/09/2001,September 11 attacks during his presidency,20/03/2003,Iraq invasion began,Living
15,Kamala Harris,49th Vice President of the USA,20/10/1964,21:28,PDT 7h W,Oakland California,USA,37N48,122W16,AA,02/11/2010,Elected Attorney General of California,08/11/2016,Elected US Senator for California,20/01/2021,Sworn in as first female Vice President,21/07/2024,Became Democratic presidential candidate after Biden withdrew,Living
16,Winston Churchill,British Prime Minister who led Britain in World War II,30/11/1874,01:30,LMT 0h05m W,Blenheim Palace Woodstock,UK,51N50,1W21,A,12/09/1908,Married Clementine Hozier,10/05/1940,Became Prime Minister,26/10/1951,Returned as Prime Minister,10/12/1953,Awarded Nobel Prize in Literature,24/01/1965
17,Charles de Gaulle,Free French leader and founder of the Fifth Republic,22/11/1890,04:00,LMT 0h12m E,Lille,France,50N38,3E04,AA,18/06/1940,Broadcast Appeal of 18 June from London,26/08/1944,Led liberation parade in Paris,08/01/1959,Became President of the Fifth Republic,28/04/1969,Resigned the presidency,09/11/1970
18,Martin Luther King Jr,Civil rights leader and Nobel Peace laureate,15/01/1929,12:00,CST 6h W,Atlanta Georgia,USA,33N45,84W23,A,05/12/1955,Montgomery bus boycott began under his leadership,28/08/1963,Delivered I Have a Dream speech in Washington,10/12/1964,Received Nobel Peace Prize,21/03/1965,Selma to Montgomery march began,04/04/1968
19,Neil Armstrong,First human to walk on the Moon,05/08/1930,00:31,EST 5h W,Wapakoneta Ohio,USA,40N34,84W12,AA,17/09/1962,Selected as NASA astronaut,16/03/1966,Commanded Gemini 8 and first space docking,16/07/1969,Apollo 11 launched,20/07/1969,Became first person to walk on the Moon,25/08/2012
20,Marilyn Monroe,Hollywood actress and screen icon,01/06/1926,09:30,PST 8h W,Los Angeles California,USA,34N03,118W15,AA,19/06/1942,Married James Dougherty,14/01/1954,Married Joe DiMaggio,29/06/1956,Married Arthur Miller,19/05/1962,Sang birthday song to JFK at Madison Square Garden,04/08/1962
21,Elvis Presley,King of Rock and Roll,08/01/1935,04:35,CST 6h W,Tupelo Mississippi,USA,34N15,88W42,AA,05/07/1954,Recorded That's All Right at Sun Studio,09/09/1956,First Ed Sullivan Show appearance,24/03/1958,Inducted into the US Army,01/05/1967,Married Priscilla Beaulieu,16/08/1977
22,John Lennon,Founder and singer songwriter of The Beatles,09/10/1940,18:30,BST 1h E,Liverpool,UK,53N25,2W55,A,06/07/1957,Met Paul McCartney,09/02/1964,Beatles US debut on Ed Sullivan Show,20/03/1969,Married Yoko Ono in Gibraltar,10/04/1970,Beatles breakup made public,08/12/1980
23,Madonna,Queen of Pop and best selling female artist,16/08/1958,07:05,EST 5h W,Bay City Michigan,USA,43N36,83W53,AA,27/07/1983,Debut album Madonna released,16/08/1985,Married Sean Penn,14/10/1996,Daughter Lourdes born,22/12/2000,Married Guy Ritchie,Living
24,Bob Dylan,Singer songwriter and Nobel laureate in Literature,24/05/1941,21:05,CST 6h W,Duluth Minnesota,USA,46N47,92W06,AA,25/07/1965,Went electric at Newport Folk Festival,29/07/1966,Motorcycle accident,29/05/2012,Received Presidential Medal of Freedom,13/10/2016,Nobel Prize in Literature announced,Living
25,Jimi Hendrix,Most influential electric guitarist in rock,27/11/1942,10:15,PWT 7h W,Seattle Washington,USA,47N36,122W20,AA,31/05/1961,Enlisted in the US Army,12/05/1967,Album Are You Experienced released in UK,18/06/1967,Set guitar on fire at Monterey Pop Festival,18/08/1969,Closing performance at Woodstock,18/09/1970
26,Kurt Cobain,Nirvana frontman and voice of grunge,20/02/1967,19:20,PST 8h W,Aberdeen Washington,USA,46N59,123W49,AA,24/09/1991,Album Nevermind released,24/02/1992,Married Courtney Love,18/08/1992,Daughter Frances Bean born,18/11/1993,MTV Unplugged session taped,05/04/1994
27,David Bowie,Innovative rock musician and creator of Ziggy Stardust,08/01/1947,09:00,GMT 0h,Brixton London,UK,51N28,0W07,A,11/07/1969,Single Space Oddity released,03/07/1973,Retired Ziggy Stardust at Hammersmith Odeon,24/04/1992,Married Iman,08/01/2016,Final album Blackstar released,10/01/2016
28,Whitney Houston,Best selling singer known as The Voice,09/08/1963,20:55,EDT 4h W,Newark New Jersey,USA,40N44,74W10,AA,14/02/1985,Debut album Whitney Houston released,27/01/1991,Sang national anthem at Super Bowl XXV,18/07/1992,Married Bobby Brown,25/11/1992,Film The Bodyguard released,11/02/2012
29,Prince,Singer songwriter and multi instrumentalist,07/06/1958,18:17,CDT 5h W,Minneapolis Minnesota,USA,44N59,93W16,AA,25/06/1984,Album Purple Rain released,25/03/1985,Won Oscar for Purple Rain score,07/06/1993,Changed his name to a symbol,04/02/2007,Super Bowl XLI halftime show,21/04/2016
30,Bruce Springsteen,Rock singer songwriter known as The Boss,23/09/1949,22:50,EDT 4h W,Long Branch New Jersey,USA,40N18,73W59,AA,25/08/1975,Album Born to Run released,04/06/1984,Album Born in the USA released,08/06/1991,Married Patti Scialfa,21/03/1994,Won Oscar for Streets of Philadelphia,Living
31,Wolfgang Amadeus Mozart,Classical composer and child prodigy,27/01/1756,20:00,LMT 0h52m E,Salzburg,Austria,47N48,13E02,AA,13/10/1762,Performed for Empress Maria Theresa at Schonbrunn,04/08/1782,Married Constanze Weber,01/05/1786,Opera The Marriage of Figaro premiered,30/09/1791,Opera The Magic Flute premiered,05/12/1791
32,Pablo Picasso,Painter who cofounded Cubism and painted Guernica,25/10/1881,23:15,LMT 0h18m W,Malaga,Spain,36N43,4W25,AA,24/06/1901,First Paris exhibition opened at Vollard gallery,12/07/1918,Married Olga Khokhlova,05/10/1944,Membership of French Communist Party announced,02/03/1961,Married Jacqueline Roque,08/04/1973
33,Vincent van Gogh,Post Impressionist painter of Starry Night and Sunflowers,30/03/1853,11:00,LMT 0h19m E,Zundert,Netherlands,51N28,4E40,AA,20/02/1888,Arrived in Arles,23/12/1888,Cut off part of his left ear,08/05/1889,Entered asylum at Saint Remy,27/07/1890,Shot himself at Auvers sur Oise,29/07/1890
34,Salvador Dali,Surrealist painter of The Persistence of Memory,11/05/1904,08:45,GMT 0h,Figueres,Spain,42N16,2E58,AA,30/01/1934,Married Gala in civil ceremony,14/12/1936,Featured on cover of Time magazine,28/09/1974,Dali Theatre Museum opened in Figueres,10/06/1982,Wife Gala died,23/01/1989
35,Sigmund Freud,Founder of psychoanalysis,06/05/1856,18:30,LMT 1h13m E,Pribor (Freiberg),Czech Republic,49N38,18E09,AA,25/04/1886,Opened private practice in Vienna,14/09/1886,Married Martha Bernays,04/11/1899,The Interpretation of Dreams published,06/06/1938,Arrived in London after fleeing the Nazis,23/09/1939
36,Amelia Earhart,Aviation pioneer and first woman to fly solo across the Atlantic,24/07/1897,23:30,CST 6h W,Atchison Kansas,USA,39N34,95W07,AA,18/06/1928,First woman to cross the Atlantic by air (as passenger),07/02/1931,Married George Putnam,20/05/1932,Began solo transatlantic flight,11/01/1935,Began first solo flight from Hawaii to California,Disappeared 02/07/1937
37,Ernest Hemingway,Novelist and Nobel laureate in Literature,21/07/1899,08:00,CST 6h W,Oak Park Illinois,USA,41N53,87W47,AA,08/07/1918,Wounded on the Italian front in WWI,22/10/1926,The Sun Also Rises published,04/05/1953,Won Pulitzer Prize for The Old Man and the Sea,28/10/1954,Nobel Prize in Literature announced,02/07/1961
38,Walt Disney,Animator and founder of The Walt Disney Company,05/12/1901,00:35,CST 6h W,Chicago Illinois,USA,41N52,87W39,AA,16/10/1923,Founded Disney Brothers Studio,18/11/1928,Steamboat Willie premiered with Mickey Mouse,21/12/1937,Snow White and the Seven Dwarfs premiered,17/07/1955,Disneyland opened,15/12/1966
39,Leonardo DiCaprio,Oscar winning actor and climate activist,11/11/1974,02:47,PST 8h W,Los Angeles California,USA,34N03,118W15,AA,19/12/1997,Titanic released,16/07/2010,Inception released,23/09/2014,Addressed UN Climate Summit as Messenger of Peace,28/02/2016,Won Best Actor Oscar for The Revenant,Living
40,Tom Cruise,Action film star of Top Gun and Mission Impossible,03/07/1962,15:06,EDT 4h W,Syracuse New York,USA,43N03,76W09,AA,16/05/1986,Top Gun released,24/12/1990,Married Nicole Kidman,22/05/1996,Mission Impossible released,27/05/2022,Top Gun Maverick released,Living
41,Angelina Jolie,Oscar winning actress and humanitarian,04/06/1975,09:09,PDT 7h W,Los Angeles California,USA,34N03,118W15,AA,26/03/2000,Won Oscar for Girl Interrupted,27/08/2001,Named UNHCR Goodwill Ambassador,27/05/2006,Daughter Shiloh born,23/08/2014,Married Brad Pitt,Living
42,Brad Pitt,Oscar winning actor and producer,18/12/1963,06:31,CST 6h W,Shawnee Oklahoma,USA,35N20,96W55,AA,15/10/1999,Fight Club released,29/07/2000,Married Jennifer Aniston,23/08/2014,Married Angelina Jolie,09/02/2020,Won Oscar for Once Upon a Time in Hollywood,Living
43,Meryl Streep,Most Oscar nominated actor in history,22/06/1949,08:05,EDT 4h W,Summit New Jersey,USA,40N43,74W22,AA,15/09/1978,Married Don Gummer,14/04/1980,Won Oscar for Kramer vs Kramer,11/04/1983,Won Best Actress Oscar for Sophie's Choice,26/02/2012,Won Best Actress Oscar for The Iron Lady,Living
44,Marlon Brando,Method actor of The Godfather and On the Waterfront,03/04/1924,23:00,CST 6h W,Omaha Nebraska,USA,41N16,95W56,AA,03/12/1947,A Streetcar Named Desire opened on Broadway,30/03/1955,Won Oscar for On the Waterfront,14/03/1972,The Godfather premiered,27/03/1973,Declined Oscar via Sacheen Littlefeather,01/07/2004
45,Clint Eastwood,Actor and Oscar winning director,31/05/1930,17:35,PST 8h W,San Francisco California,USA,37N47,122W25,AA,09/01/1959,TV series Rawhide premiered,08/04/1986,Elected Mayor of Carmel by the Sea,29/03/1993,Won Best Director and Picture Oscars for Unforgiven,27/02/2005,Won Oscars for Million Dollar Baby,Living
46,Grace Kelly,Oscar winning actress who became Princess of Monaco,12/11/1929,05:31,EST 5h W,Philadelphia Pennsylvania,USA,39N57,75W10,AA,30/03/1955,Won Oscar for The Country Girl,19/04/1956,Married Prince Rainier III of Monaco,23/01/1957,Daughter Caroline born,14/03/1958,Son Albert born,14/09/1982
47,Muhammad Ali,Three time world heavyweight boxing champion,17/01/1942,18:35,CST 6h W,Louisville Kentucky,USA,38N15,85W46,AA,05/09/1960,Won Olympic gold in Rome,25/02/1964,Won world heavyweight title from Sonny Liston,28/04/1967,Refused induction into the US Army,30/10/1974,Won Rumble in the Jungle against George Foreman,03/06/2016
48,Michael Jordan,Six time NBA champion basketball legend,17/02/1963,13:40,EST 5h W,Brooklyn New York,USA,40N38,73W56,AA,26/06/1984,Drafted by the Chicago Bulls,12/06/1991,Won first NBA championship,06/10/1993,Announced first retirement,14/06/1998,Won sixth NBA championship with final shot,Living
49,Tiger Woods,Golfer with 15 major championships,30/12/1975,22:50,PST 8h W,Cypress California,USA,33N49,118W02,AA,27/08/1996,Turned professional,13/04/1997,Won first Masters at age 21,08/04/2001,Completed the Tiger Slam at the Masters,14/04/2019,Won fifth Masters title,Living
50,Bruce Lee,Martial artist and film star who founded Jeet Kune Do,27/11/1940,07:12,PST 8h W,San Francisco California,USA,37N47,122W25,AA,17/08/1964,Married Linda Emery,09/09/1966,The Green Hornet TV series premiered,03/10/1971,The Big Boss released in Hong Kong,19/08/1973,Enter the Dragon released in the USA (posthumously),20/07/1973
